{"text": " All right, so here we are, one of the elephants. The cool thing about these guys is that they have really, really, really long punks, and that's cool. And that's pretty much all there is to say.", "segments": [{"id": 0, "seek": 0, "start": 0.0, "end": 4.0, "text": " All right, so here we are, one of the elephants.", "tokens": [50364, 1057, 558, 11, 370, 510, 321, 366, 11, 472, 295, 264, 33015, 13, 50564], "temperature": 0.0, "avg_logprob": -0.3534784143621271, "compression_ratio": 1.4696969696969697, "no_speech_prob": 0.11366219818592072}, {"id": 1, "seek": 0, "start": 4.0, "end": 14.0, "text": " The cool thing about these guys is that they have really, really, really long punks, and that's cool.", "tokens": [50564, 440, 1627, 551, 466, 613, 1074, 307, 300, 436, 362, 534, 11, 534, 11, 534, 938, 4468, 1694, 11, 293, 300, 311, 1627, 13, 51064], "temperature": 0.0, "avg_logprob": -0.3534784143621271, "compression_ratio": 1.4696969696969697, "no_speech_prob": 0.11366219818592072}, {"id": 2, "seek": 0, "start": 14.0, "end": 19.0, "text": " And that's pretty much all there is to say.", "tokens": [51064, 400, 300, 311, 1238, 709, 439, 456, 307, 281, 584, 13, 51314], "temperature": 0.0, "avg_logprob": -0.3534784143621271, "compression_ratio": 1.4696969696969697, "no_speech_prob": 0.11366219818592072}], "language": "en"}